{"stats":{"minecraft:mined":{"minecraft:red_carpet":6,"minecraft:spruce_planks":3,"minecraft:white_bed":3,"minecraft:potted_wither_rose":1,"minecraft:grass_block":46,"minecraft:brown_mushroom_block":10,"minecraft:birch_slab":1,"minecraft:hopper":2,"minecraft:moss_block":8,"minecraft:spawner":3,"minecraft:furnace":5,"minecraft:fire":7,"minecraft:andesite":30,"minecraft:bookshelf":1,"minecraft:iron_bars":9,"minecraft:stone":38,"minecraft:player_head":2,"minecraft:oak_slab":6,"minecraft:red_bed":3,"minecraft:crafting_table":13,"minecraft:rose_bush":5,"minecraft:campfire":8,"minecraft:andesite_wall":1,"minecraft:mushroom_stem":165,"minecraft:lightning_rod":2,"minecraft:cobblestone":4,"minecraft:copper_ore":8,"minecraft:oak_planks":2,"minecraft:diorite":1,"minecraft:wall_torch":3,"minecraft:cauldron":3,"minecraft:birch_planks":7,"byg:soapstone":1,"minecraft:birch_log":5,"minecraft:waxed_oxidized_cut_copper_stairs":1,"minecraft:ice":1,"minecraft:stripped_oak_wood":1,"minecraft:grass":3,"minecraft:oak_log":19,"minecraft:coal_ore":20,"minecraft:gravel":42,"minecraft:dirt":41,"minecraft:cracked_stone_bricks":1,"minecraft:red_mushroom_block":5,"minecraft:stone_bricks":3,"minecraft:oak_leaves":2},"minecraft:used":{"minecraft:moss_block":2,"minecraft:stone_sword":58,"minecraft:iron_bars":1,"minecraft:iron_shovel":40,"minecraft:spruce_planks":2,"minecraft:shield":50,"minecraft:iron_sword":192,"minecraft:torch":124,"minecraft:dirt":85,"minecraft:carrot":2,"minecraft:andesite_wall":1,"minecraft:lava_bucket":3,"minecraft:iron_axe":239,"minecraft:stone_bricks":3,"minecraft:bow":94,"minecraft:furnace":4,"tombstone:gift":7,"minecraft:cooked_beef":17,"minecraft:potato":12,"minecraft:water_bucket":9,"minecraft:birch_planks":7,"minecraft:stone_pickaxe":20,"minecraft:oak_planks":56,"minecraft:ender_pearl":1,"minecraft:wooden_pickaxe":20,"minecraft:golden_apple":6,"minecraft:oak_slab":2,"minecraft:crafting_table":15,"minecraft:white_bed":3,"minecraft:oak_log":2,"minecraft:apple":10,"minecraft:iron_pickaxe":109,"minecraft:gravel":19,"minecraft:stone_axe":8,"minecraft:cobblestone":21,"minecraft:stripped_oak_wood":1,"minecraft:bucket":14,"minecraft:andesite":26,"minecraft:golden_pickaxe":5},"minecraft:crafted":{"minecraft:black_dye":1,"minecraft:oak_planks":76,"minecraft:furnace":1,"minecraft:bow":1,"minecraft:iron_axe":1,"minecraft:stone_pickaxe":1,"minecraft:chest":2,"minecraft:red_dye":8,"sophisticatedbackpacks:backpack":2,"minecraft:crafting_table":2,"minecraft:wooden_pickaxe":1,"minecraft:iron_sword":1,"minecraft:copper_ingot":8,"minecraft:bucket":2,"minecraft:birch_planks":20,"minecraft:stone_axe":1,"minecraft:stick":28,"minecraft:iron_ingot":8,"minecraft:iron_pickaxe":1,"minecraft:stone_sword":1,"minecraft:torch":36},"minecraft:killed":{"minecraft:spider":15,"minecraft:skeleton":11,"minecraft:piglin_brute":7,"minecraft:piglin":15,"minecraft:zombie":11,"untamedwilds:bison":4,"untamedwilds:snake":2,"minecraft:cow":6},"minecraft:killed_by":{"minecraft:piglin_brute":4,"minecraft:piglin":1},"minecraft:custom":{"minecraft:interact_with_smithing_table":5,"minecraft:mob_kills":73,"minecraft:interact_with_crafting_table":18,"minecraft:open_barrel":37,"goblintraders:trade_with_goblin":4,"minecraft:leave_game":2,"minecraft:time_since_death":9596,"minecraft:climb_one_cm":2432,"minecraft:sprint_one_cm":352096,"minecraft:walk_one_cm":440472,"minecraft:damage_blocked_by_shield":1845,"minecraft:drop":2,"minecraft:play_time":116074,"minecraft:deaths":6,"minecraft:sneak_time":126,"minecraft:walk_under_water_one_cm":5032,"minecraft:interact_with_lectern":1,"minecraft:jump":961,"minecraft:walk_on_water_one_cm":29673,"minecraft:total_world_time":116074,"minecraft:interact_with_furnace":24,"minecraft:interact_with_cartography_table":1,"minecraft:interact_with_loom":1,"minecraft:interact_with_grindstone":1,"minecraft:interact_with_stonecutter":1,"minecraft:sleep_in_bed":1,"minecraft:time_since_rest":9622,"minecraft:damage_taken":3505,"minecraft:damage_absorbed":61,"minecraft:damage_dealt":12186,"minecraft:fly_one_cm":107786,"minecraft:open_chest":85,"minecraft:crouch_one_cm":418,"tombstone:undead_killed":22,"minecraft:fall_one_cm":17689},"minecraft:picked_up":{"minecraft:charcoal":16,"minecraft:crafting_table":13,"minecraft:clay_ball":6,"minecraft:flower_pot":1,"minecraft:brown_mushroom":2,"minecraft:wither_rose":1,"minecraft:enchanted_book":1,"minecraft:red_bed":3,"minecraft:string":17,"minecraft:raw_copper":52,"minecraft:cracked_stone_bricks":1,"minecraft:spruce_planks":2,"minecraft:beef":17,"minecraft:rose_bush":6,"minecraft:player_head":2,"minecraft:iron_nugget":5,"minecraft:chest":1,"minecraft:birch_sapling":2,"minecraft:furnace":5,"minecraft:dark_oak_door":2,"minecraft:raw_iron":7,"minecraft:torch":9,"minecraft:lightning_rod":2,"tombstone:grave_dust":2,"minecraft:diorite":1,"minecraft:cauldron":3,"minecraft:andesite_wall":1,"minecraft:arrow":11,"minecraft:rotten_flesh":11,"minecraft:waxed_oxidized_cut_copper_stairs":1,"minecraft:glow_berries":1,"minecraft:iron_bars":11,"minecraft:cobblestone":39,"minecraft:birch_log":5,"minecraft:leather_chestplate":1,"minecraft:tripwire_hook":1,"minecraft:birch_slab":1,"minecraft:andesite":26,"minecraft:leather":12,"minecraft:red_mushroom":4,"minecraft:birch_planks":7,"minecraft:flint":1,"minecraft:oak_log":19,"minecraft:dirt":86,"minecraft:lantern":1,"minecraft:leather_boots":1,"minecraft:red_carpet":6,"minecraft:bone":22,"minecraft:stone_bricks":3,"untamedwilds:material_fat":3,"minecraft:bow":1,"minecraft:wheat_seeds":1,"minecraft:stripped_oak_wood":1,"minecraft:moss_block":2,"minecraft:oak_planks":2,"minecraft:oak_slab":6,"minecraft:gravel":53,"minecraft:white_bed":3,"minecraft:fermented_spider_eye":1,"minecraft:spider_eye":10,"minecraft:stone_axe":2,"minecraft:chainmail_leggings":2,"tombstone:magic_scroll":1,"minecraft:oak_sapling":1,"minecraft:coal":19,"minecraft:hopper":2},"minecraft:dropped":{"minecraft:gravel":12,"minecraft:stone_axe":1}},"DataVersion":2975}