{"stats":{"minecraft:mined":{"minecraft:oak_slab":4,"minecraft:red_carpet":6,"minecraft:white_bed":3,"minecraft:potted_wither_rose":1,"minecraft:crafting_table":13,"minecraft:grass_block":44,"minecraft:rose_bush":4,"minecraft:mushroom_stem":97,"minecraft:brown_mushroom_block":10,"minecraft:copper_ore":8,"minecraft:cobblestone":4,"minecraft:birch_slab":1,"minecraft:oak_planks":2,"minecraft:moss_block":2,"minecraft:wall_torch":3,"minecraft:spawner":2,"minecraft:birch_planks":7,"byg:soapstone":1,"minecraft:furnace":3,"minecraft:birch_log":5,"minecraft:ice":1,"minecraft:stripped_oak_wood":1,"minecraft:grass":3,"minecraft:bookshelf":1,"minecraft:oak_log":19,"minecraft:coal_ore":5,"minecraft:iron_bars":9,"minecraft:gravel":42,"minecraft:dirt":29,"minecraft:cracked_stone_bricks":1,"minecraft:red_mushroom_block":4,"minecraft:stone":38,"minecraft:stone_bricks":3},"minecraft:used":{"minecraft:stone_sword":58,"minecraft:iron_bars":1,"minecraft:water_bucket":5,"minecraft:iron_shovel":40,"minecraft:birch_planks":7,"minecraft:stone_pickaxe":20,"minecraft:oak_planks":56,"minecraft:wooden_pickaxe":20,"minecraft:shield":37,"minecraft:iron_sword":155,"minecraft:golden_apple":5,"minecraft:torch":124,"minecraft:dirt":56,"minecraft:oak_slab":2,"minecraft:crafting_table":15,"minecraft:carrot":2,"minecraft:white_bed":3,"minecraft:apple":8,"minecraft:iron_axe":157,"minecraft:iron_pickaxe":43,"minecraft:gravel":19,"minecraft:stone_bricks":3,"minecraft:stone_axe":8,"minecraft:cobblestone":21,"minecraft:bow":94,"minecraft:furnace":4,"minecraft:stripped_oak_wood":1,"minecraft:bucket":5,"tombstone:gift":3,"minecraft:cooked_beef":12,"minecraft:potato":12,"minecraft:golden_pickaxe":5},"minecraft:crafted":{"minecraft:black_dye":1,"minecraft:red_dye":8,"minecraft:oak_planks":76,"sophisticatedbackpacks:backpack":2,"minecraft:crafting_table":2,"minecraft:wooden_pickaxe":1,"minecraft:iron_sword":1,"minecraft:furnace":1,"minecraft:copper_ingot":8,"minecraft:bucket":2,"minecraft:birch_planks":20,"minecraft:stone_axe":1,"minecraft:bow":1,"minecraft:iron_axe":1,"minecraft:stick":28,"minecraft:iron_ingot":8,"minecraft:iron_pickaxe":1,"minecraft:stone_pickaxe":1,"minecraft:stone_sword":1,"minecraft:chest":2,"minecraft:torch":36},"minecraft:killed":{"minecraft:piglin":12,"minecraft:spider":15,"minecraft:skeleton":11,"minecraft:zombie":11,"untamedwilds:bison":4,"untamedwilds:snake":2,"minecraft:piglin_brute":5,"minecraft:cow":3},"minecraft:killed_by":{"minecraft:piglin":1,"minecraft:piglin_brute":3},"minecraft:custom":{"minecraft:interact_with_furnace":22,"minecraft:mob_kills":64,"minecraft:interact_with_crafting_table":18,"minecraft:interact_with_cartography_table":1,"minecraft:open_barrel":28,"goblintraders:trade_with_goblin":4,"minecraft:interact_with_stonecutter":1,"minecraft:interact_with_grindstone":1,"minecraft:leave_game":1,"minecraft:time_since_death":7,"minecraft:sleep_in_bed":1,"minecraft:climb_one_cm":2432,"minecraft:time_since_rest":121,"minecraft:damage_absorbed":35,"minecraft:sprint_one_cm":309263,"minecraft:damage_taken":2442,"minecraft:walk_one_cm":356293,"minecraft:damage_blocked_by_shield":1315,"minecraft:drop":2,"minecraft:damage_dealt":10368,"minecraft:fly_one_cm":100613,"minecraft:open_chest":82,"minecraft:crouch_one_cm":87,"minecraft:play_time":92312,"tombstone:undead_killed":22,"minecraft:deaths":4,"minecraft:sneak_time":105,"minecraft:walk_under_water_one_cm":5032,"minecraft:interact_with_lectern":1,"minecraft:jump":811,"minecraft:walk_on_water_one_cm":22832,"minecraft:total_world_time":92312,"minecraft:fall_one_cm":16607},"minecraft:picked_up":{"minecraft:birch_log":5,"minecraft:crafting_table":13,"minecraft:leather_chestplate":1,"minecraft:flower_pot":1,"minecraft:clay_ball":6,"minecraft:birch_slab":1,"minecraft:leather":10,"minecraft:brown_mushroom":2,"minecraft:red_mushroom":3,"minecraft:birch_planks":7,"minecraft:wither_rose":1,"minecraft:enchanted_book":1,"minecraft:flint":1,"minecraft:oak_log":19,"minecraft:string":17,"minecraft:dirt":73,"minecraft:raw_copper":52,"minecraft:leather_boots":1,"minecraft:red_carpet":6,"minecraft:bone":22,"minecraft:bow":1,"minecraft:stone_bricks":3,"untamedwilds:material_fat":3,"minecraft:cracked_stone_bricks":1,"minecraft:wheat_seeds":1,"minecraft:beef":14,"minecraft:rose_bush":4,"minecraft:stripped_oak_wood":1,"minecraft:iron_nugget":5,"minecraft:chest":1,"minecraft:birch_sapling":2,"minecraft:oak_planks":2,"minecraft:furnace":3,"minecraft:oak_slab":3,"minecraft:raw_iron":7,"minecraft:torch":9,"minecraft:gravel":53,"tombstone:grave_dust":2,"minecraft:white_bed":3,"minecraft:fermented_spider_eye":1,"minecraft:spider_eye":10,"minecraft:arrow":11,"minecraft:rotten_flesh":11,"minecraft:stone_axe":2,"minecraft:chainmail_leggings":2,"tombstone:magic_scroll":1,"minecraft:oak_sapling":1,"minecraft:glow_berries":1,"minecraft:iron_bars":11,"minecraft:coal":4,"minecraft:cobblestone":39},"minecraft:dropped":{"minecraft:gravel":12,"minecraft:stone_axe":1}},"DataVersion":2975}