{"stats":{"minecraft:mined":{"minecraft:red_carpet":7,"minecraft:spruce_planks":8,"minecraft:white_bed":3,"minecraft:potted_wither_rose":1,"minecraft:glow_lichen":1,"minecraft:cave_vines_plant":2,"minecraft:stone_brick_wall":1,"minecraft:grass_block":46,"minecraft:brown_mushroom_block":10,"minecraft:coal_block":3,"minecraft:birch_slab":2,"minecraft:spruce_leaves":12,"minecraft:hopper":4,"minecraft:moss_block":8,"minecraft:spawner":6,"minecraft:hay_block":1,"minecraft:raw_iron_block":3,"minecraft:mossy_cobblestone_slab":3,"minecraft:furnace":6,"minecraft:mossy_cobblestone_stairs":1,"minecraft:raw_gold_block":3,"minecraft:barrel":2,"minecraft:fire":53,"minecraft:target":1,"minecraft:andesite":40,"minecraft:gold_block":2,"minecraft:bookshelf":1,"minecraft:cave_vines":1,"minecraft:shroomlight":2,"minecraft:iron_bars":9,"minecraft:lantern":1,"minecraft:stone":38,"minecraft:player_head":3,"minecraft:orange_bed":1,"minecraft:smithing_table":2,"minecraft:oak_slab":8,"minecraft:red_bed":6,"minecraft:crafting_table":13,"minecraft:chest":2,"minecraft:rose_bush":6,"minecraft:campfire":17,"minecraft:andesite_wall":1,"minecraft:mushroom_stem":233,"minecraft:lightning_rod":8,"minecraft:cobblestone":6,"minecraft:copper_ore":8,"minecraft:deepslate_coal_ore":14,"minecraft:grindstone":1,"minecraft:oak_planks":4,"minecraft:diorite":1,"minecraft:wall_torch":3,"minecraft:cauldron":5,"minecraft:red_candle":4,"minecraft:birch_planks":7,"byg:soapstone":1,"minecraft:birch_log":5,"minecraft:waxed_oxidized_cut_copper_stairs":1,"minecraft:ice":1,"minecraft:lava_cauldron":2,"minecraft:birch_door":2,"minecraft:stripped_oak_wood":1,"minecraft:red_wall_banner":1,"minecraft:grass":3,"minecraft:oak_log":30,"minecraft:coal_ore":37,"minecraft:gravel":42,"minecraft:dirt":41,"minecraft:cracked_stone_bricks":1,"minecraft:raw_copper_block":3,"minecraft:stonecutter":3,"minecraft:red_mushroom_block":17,"minecraft:polished_andesite":1,"minecraft:stone_bricks":3,"minecraft:oak_leaves":2},"minecraft:used":{"minecraft:moss_block":2,"minecraft:stone_sword":58,"minecraft:iron_bars":1,"minecraft:iron_shovel":40,"minecraft:chest":3,"minecraft:spruce_planks":7,"minecraft:shield":61,"minecraft:iron_sword":279,"minecraft:player_head":1,"minecraft:rotten_flesh":1,"minecraft:torch":129,"minecraft:dirt":85,"minecraft:mutton":1,"minecraft:carrot":2,"minecraft:raw_iron_block":2,"minecraft:shroomlight":2,"minecraft:birch_door":1,"minecraft:andesite_wall":1,"minecraft:wooden_axe":26,"minecraft:lava_bucket":26,"minecraft:iron_axe":294,"minecraft:raw_gold_block":2,"minecraft:barrel":2,"minecraft:stone_bricks":3,"minecraft:red_carpet":3,"minecraft:raw_copper_block":2,"minecraft:bow":94,"minecraft:furnace":7,"tombstone:gift":11,"minecraft:cooked_beef":19,"minecraft:potato":12,"minecraft:water_bucket":19,"minecraft:birch_planks":7,"minecraft:stone_pickaxe":20,"minecraft:baked_potato":34,"minecraft:oak_planks":74,"minecraft:ender_pearl":1,"minecraft:wooden_pickaxe":20,"minecraft:stonecutter":1,"minecraft:gold_ore":4,"minecraft:golden_apple":6,"minecraft:red_bed":1,"minecraft:oak_slab":2,"minecraft:crafting_table":16,"minecraft:white_bed":3,"minecraft:oak_log":4,"minecraft:apple":10,"minecraft:iron_pickaxe":221,"minecraft:gravel":19,"minecraft:stone_axe":8,"minecraft:cobblestone":21,"minecraft:grindstone":1,"minecraft:stripped_oak_wood":1,"minecraft:smithing_table":2,"minecraft:red_banner":1,"minecraft:bucket":47,"minecraft:andesite":29,"minecraft:golden_pickaxe":5},"minecraft:crafted":{"minecraft:black_dye":1,"minecraft:oak_planks":112,"minecraft:coal":18,"minecraft:furnace":1,"minecraft:cooked_mutton":6,"minecraft:bow":1,"minecraft:iron_axe":2,"minecraft:stone_pickaxe":1,"minecraft:chest":4,"minecraft:red_dye":8,"sophisticatedbackpacks:backpack":3,"minecraft:crafting_table":3,"minecraft:wooden_pickaxe":1,"minecraft:iron_sword":1,"minecraft:copper_ingot":8,"minecraft:bucket":2,"minecraft:birch_planks":20,"minecraft:stone_axe":1,"minecraft:string":28,"minecraft:stick":32,"minecraft:iron_ingot":8,"minecraft:iron_pickaxe":1,"minecraft:stone_sword":1,"minecraft:torch":36},"minecraft:broken":{"minecraft:iron_axe":1,"minecraft:wooden_axe":1},"minecraft:killed":{"minecraft:spider":15,"minecraft:skeleton":12,"minecraft:piglin_brute":10,"minecraft:piglin":22,"minecraft:rabbit":1,"minecraft:sheep":7,"minecraft:zombie":14,"untamedwilds:bison":8,"untamedwilds:snake":2,"minecraft:cow":7},"minecraft:killed_by":{"minecraft:piglin_brute":4,"minecraft:piglin":1},"minecraft:custom":{"minecraft:interact_with_smithing_table":7,"minecraft:mob_kills":102,"minecraft:interact_with_crafting_table":27,"minecraft:open_barrel":62,"goblintraders:trade_with_goblin":4,"minecraft:leave_game":3,"minecraft:time_since_death":68282,"minecraft:climb_one_cm":9962,"minecraft:sprint_one_cm":513625,"minecraft:walk_one_cm":641082,"minecraft:damage_blocked_by_shield":2265,"minecraft:drop":2,"minecraft:talked_to_villager":1,"minecraft:play_time":174760,"minecraft:deaths":6,"minecraft:sneak_time":306,"minecraft:walk_under_water_one_cm":10659,"minecraft:interact_with_lectern":1,"minecraft:jump":1487,"minecraft:walk_on_water_one_cm":48469,"minecraft:total_world_time":174760,"minecraft:interact_with_furnace":39,"minecraft:interact_with_cartography_table":1,"minecraft:interact_with_loom":1,"minecraft:interact_with_grindstone":1,"minecraft:interact_with_stonecutter":2,"minecraft:sleep_in_bed":7,"minecraft:time_since_rest":3648,"minecraft:damage_taken":5387,"minecraft:damage_absorbed":61,"minecraft:damage_dealt":16328,"minecraft:fly_one_cm":165980,"minecraft:open_chest":129,"minecraft:crouch_one_cm":898,"tombstone:undead_killed":26,"minecraft:interact_with_smoker":1,"minecraft:fall_one_cm":32343},"minecraft:picked_up":{"minecraft:birch_door":2,"minecraft:charcoal":32,"minecraft:crafting_table":13,"minecraft:clay_ball":6,"minecraft:flower_pot":1,"minecraft:smithing_table":2,"minecraft:brown_mushroom":2,"minecraft:gold_block":2,"minecraft:wither_rose":1,"minecraft:enchanted_book":1,"minecraft:red_bed":6,"minecraft:string":17,"minecraft:raw_copper":52,"minecraft:red_candle":11,"minecraft:shroomlight":2,"minecraft:beetroot":2,"minecraft:cracked_stone_bricks":1,"minecraft:spruce_planks":7,"minecraft:beef":23,"minecraft:rose_bush":7,"minecraft:player_head":3,"minecraft:iron_nugget":5,"minecraft:coal_block":3,"minecraft:chest":3,"minecraft:birch_sapling":2,"minecraft:raw_copper_block":3,"minecraft:furnace":6,"minecraft:dark_oak_door":2,"minecraft:raw_iron":7,"minecraft:raw_gold_block":3,"minecraft:torch":10,"minecraft:target":1,"minecraft:lightning_rod":8,"tombstone:grave_dust":4,"minecraft:diorite":1,"minecraft:cauldron":7,"minecraft:orange_bed":1,"minecraft:andesite_wall":1,"minecraft:arrow":13,"minecraft:rotten_flesh":14,"minecraft:beetroot_seeds":3,"minecraft:hay_block":1,"minecraft:waxed_oxidized_cut_copper_stairs":1,"minecraft:glow_berries":1,"minecraft:mutton":11,"minecraft:iron_bars":11,"minecraft:white_wool":7,"minecraft:cobblestone":41,"minecraft:birch_log":5,"minecraft:mossy_cobblestone_slab":4,"minecraft:leather_chestplate":1,"minecraft:tripwire_hook":2,"minecraft:birch_slab":1,"minecraft:andesite":32,"minecraft:leather":24,"minecraft:red_mushroom":5,"minecraft:birch_planks":7,"minecraft:flint":1,"minecraft:oak_log":30,"minecraft:map":1,"minecraft:dirt":86,"minecraft:paper":27,"minecraft:lantern":2,"minecraft:leather_boots":1,"minecraft:red_carpet":10,"minecraft:bone":32,"minecraft:grindstone":1,"minecraft:stonecutter":3,"minecraft:stone_bricks":3,"untamedwilds:material_fat":14,"minecraft:bow":1,"minecraft:wheat_seeds":1,"minecraft:stripped_oak_wood":1,"minecraft:rabbit":1,"minecraft:moss_block":2,"minecraft:oak_planks":4,"minecraft:oak_slab":9,"minecraft:raw_iron_block":3,"minecraft:gravel":53,"minecraft:red_banner":1,"minecraft:white_bed":3,"minecraft:fermented_spider_eye":1,"minecraft:barrel":2,"minecraft:spider_eye":10,"minecraft:polished_andesite":1,"minecraft:stone_axe":2,"minecraft:chainmail_leggings":2,"minecraft:mossy_cobblestone_stairs":1,"minecraft:spruce_sign":9,"tombstone:magic_scroll":1,"minecraft:oak_sapling":1,"minecraft:coal":50,"minecraft:hopper":4},"minecraft:dropped":{"minecraft:gravel":12,"minecraft:stone_axe":1}},"DataVersion":2975}