{"stats":{"minecraft:mined":{"minecraft:white_bed":3,"minecraft:potted_wither_rose":1,"minecraft:crafting_table":13,"minecraft:grass_block":2,"minecraft:rose_bush":4,"minecraft:mushroom_stem":13,"minecraft:brown_mushroom_block":2,"minecraft:copper_ore":8,"minecraft:cobblestone":4,"minecraft:oak_planks":2,"minecraft:wall_torch":2,"byg:soapstone":1,"minecraft:furnace":3,"minecraft:birch_log":5,"minecraft:ice":1,"minecraft:stripped_oak_wood":1,"minecraft:grass":3,"minecraft:bookshelf":1,"minecraft:oak_log":19,"minecraft:coal_ore":5,"minecraft:iron_bars":9,"minecraft:gravel":42,"minecraft:dirt":1,"minecraft:cracked_stone_bricks":1,"minecraft:stone":38,"minecraft:stone_bricks":3},"minecraft:used":{"minecraft:water_bucket":2,"minecraft:stone_sword":58,"minecraft:iron_bars":1,"minecraft:iron_shovel":40,"minecraft:stone_pickaxe":20,"minecraft:oak_planks":23,"minecraft:wooden_pickaxe":20,"minecraft:shield":30,"minecraft:iron_sword":105,"minecraft:torch":112,"minecraft:golden_apple":5,"minecraft:crafting_table":15,"minecraft:carrot":2,"minecraft:white_bed":3,"minecraft:apple":3,"minecraft:iron_axe":61,"minecraft:iron_pickaxe":34,"minecraft:gravel":15,"minecraft:stone_bricks":3,"minecraft:stone_axe":8,"minecraft:cobblestone":21,"minecraft:bow":71,"minecraft:furnace":4,"minecraft:stripped_oak_wood":1,"minecraft:bucket":3,"tombstone:gift":1,"minecraft:cooked_beef":12,"minecraft:potato":12,"minecraft:golden_pickaxe":5},"minecraft:crafted":{"minecraft:black_dye":1,"minecraft:red_dye":8,"minecraft:oak_planks":76,"sophisticatedbackpacks:backpack":2,"minecraft:crafting_table":2,"minecraft:wooden_pickaxe":1,"minecraft:iron_sword":1,"minecraft:furnace":1,"minecraft:copper_ingot":8,"minecraft:bucket":2,"minecraft:birch_planks":20,"minecraft:stone_axe":1,"minecraft:bow":1,"minecraft:iron_axe":1,"minecraft:stick":28,"minecraft:iron_ingot":8,"minecraft:iron_pickaxe":1,"minecraft:stone_pickaxe":1,"minecraft:stone_sword":1,"minecraft:chest":2,"minecraft:torch":36},"minecraft:killed":{"minecraft:piglin":3,"minecraft:spider":15,"minecraft:skeleton":11,"minecraft:zombie":11,"untamedwilds:bison":4,"untamedwilds:snake":2,"minecraft:piglin_brute":2,"minecraft:cow":1},"minecraft:killed_by":{"minecraft:piglin":1,"minecraft:piglin_brute":1},"minecraft:custom":{"minecraft:interact_with_furnace":22,"minecraft:mob_kills":50,"minecraft:interact_with_crafting_table":18,"minecraft:interact_with_cartography_table":1,"minecraft:open_barrel":28,"goblintraders:trade_with_goblin":4,"minecraft:interact_with_stonecutter":1,"minecraft:interact_with_grindstone":1,"minecraft:time_since_death":769,"minecraft:sleep_in_bed":1,"minecraft:climb_one_cm":2432,"minecraft:time_since_rest":793,"minecraft:damage_absorbed":35,"minecraft:sprint_one_cm":293453,"minecraft:damage_taken":1750,"minecraft:walk_one_cm":286761,"minecraft:damage_blocked_by_shield":1020,"minecraft:drop":2,"minecraft:damage_dealt":8086,"minecraft:fly_one_cm":99090,"minecraft:open_chest":81,"minecraft:crouch_one_cm":43,"minecraft:play_time":75880,"tombstone:undead_killed":22,"minecraft:deaths":2,"minecraft:sneak_time":76,"minecraft:walk_under_water_one_cm":4883,"minecraft:interact_with_lectern":1,"minecraft:jump":682,"minecraft:walk_on_water_one_cm":20971,"minecraft:total_world_time":75880,"minecraft:fall_one_cm":15263},"minecraft:picked_up":{"minecraft:birch_log":5,"minecraft:crafting_table":13,"minecraft:leather_chestplate":1,"minecraft:clay_ball":6,"minecraft:flower_pot":1,"minecraft:leather":8,"minecraft:red_mushroom":3,"minecraft:wither_rose":1,"minecraft:enchanted_book":1,"minecraft:flint":1,"minecraft:oak_log":19,"minecraft:dirt":3,"minecraft:string":17,"minecraft:raw_copper":52,"minecraft:leather_boots":1,"minecraft:bone":22,"minecraft:bow":1,"minecraft:stone_bricks":3,"untamedwilds:material_fat":3,"minecraft:cracked_stone_bricks":1,"minecraft:beef":12,"minecraft:rose_bush":4,"minecraft:stripped_oak_wood":1,"minecraft:iron_nugget":5,"minecraft:chest":1,"minecraft:birch_sapling":2,"minecraft:oak_planks":2,"minecraft:furnace":3,"minecraft:raw_iron":7,"minecraft:torch":3,"minecraft:gravel":53,"tombstone:grave_dust":2,"minecraft:white_bed":3,"minecraft:fermented_spider_eye":1,"minecraft:spider_eye":10,"minecraft:arrow":11,"minecraft:rotten_flesh":11,"minecraft:stone_axe":2,"minecraft:chainmail_leggings":2,"tombstone:magic_scroll":1,"minecraft:oak_sapling":1,"minecraft:iron_bars":11,"minecraft:coal":4,"minecraft:cobblestone":39},"minecraft:dropped":{"minecraft:gravel":12,"minecraft:stone_axe":1}},"DataVersion":2975}