{"stats":{"minecraft:crafted":{"minecraft:oak_planks":268,"minecraft:iron_boots":1,"minecraft:chest":13,"minecraft:oak_fence":3,"sophisticatedbackpacks:backpack":8,"minecraft:emerald":36,"minecraft:diamond_axe":1,"minecraft:crafting_table":8,"minecraft:spruce_planks":8,"minecraft:wooden_pickaxe":1,"minecraft:golden_pickaxe":1,"minecraft:copper_ingot":135,"minecraft:gold_block":67,"minecraft:birch_planks":4,"sophisticatedbackpacks:upgrade_base":3,"minecraft:string":40,"minecraft:iron_chestplate":1,"minecraft:diamond_pickaxe":3,"minecraft:emerald_block":16,"minecraft:shield":1,"minecraft:stick":144,"minecraft:iron_ingot":278,"minecraft:iron_pickaxe":3,"minecraft:iron_block":28,"minecraft:gold_ingot":605,"minecraft:black_bed":10,"sophisticatedbackpacks:filter_upgrade":1,"minecraft:raw_iron":306,"minecraft:redstone":18,"minecraft:coal":63,"minecraft:furnace":10,"sophisticatedbackpacks:jukebox_upgrade":1,"minecraft:bone_meal":600,"minecraft:iron_axe":4,"minecraft:redstone_block":39,"minecraft:cooked_beef":24,"minecraft:coal_block":14,"minecraft:bone_block":65,"minecraft:iron_sword":1,"minecraft:red_bed":4,"minecraft:bucket":2,"minecraft:jungle_planks":24,"minecraft:oak_boat":2,"sophisticatedbackpacks:advanced_filter_upgrade":1,"minecraft:raw_gold":459,"minecraft:wooden_axe":2,"minecraft:iron_shovel":1,"minecraft:anvil":1,"minecraft:torch":316},"minecraft:picked_up":{"minecraft:iron_chestplate":1,"minecraft:black_carpet":21,"minecraft:redstone_block":15,"minecraft:chainmail_boots":3,"minecraft:lead":10,"minecraft:oak_stairs":111,"minecraft:potion":1,"minecraft:enchanted_book":4,"minecraft:stone_brick_stairs":20,"minecraft:golden_sword":1,"minecraft:amethyst_block":2,"minecraft:lapis_block":13,"minecraft:string":74,"minecraft:raw_copper":310,"minecraft:soul_soil":7,"minecraft:red_nether_bricks":2,"minecraft:oak_sign":2,"minecraft:gold_nugget":54,"minecraft:cobbled_deepslate":263,"minecraft:spruce_planks":29,"minecraft:wooden_shovel":1,"minecraft:melon_slice":70,"minecraft:coal_block":35,"minecraft:furnace":6,"minecraft:tipped_arrow":24,"minecraft:golden_helmet":1,"minecraft:stick":41,"minecraft:jukebox":5,"untamedwilds:flora_common_reed":1,"byg:anthracite":2,"minecraft:torch":100,"minecraft:spruce_stairs":5,"minecraft:porkchop":4,"tombstone:grave_dust":30,"minecraft:diorite":35,"minecraft:golden_chestplate":1,"byg:pine_sapling":2,"minecraft:quartz_block":2,"minecraft:stone_sword":1,"minecraft:rotten_flesh":81,"minecraft:blaze_rod":2,"minecraft:obsidian":30,"minecraft:iron_bars":61,"minecraft:cod":1,"minecraft:cobblestone":470,"minecraft:birch_log":4,"minecraft:enchanting_table":1,"minecraft:magma_block":3,"minecraft:leather_chestplate":5,"minecraft:cooked_beef":22,"minecraft:iron_door":2,"minecraft:andesite":6,"minecraft:jungle_log":6,"minecraft:black_bed":14,"minecraft:brown_wool":2,"minecraft:golden_leggings":1,"minecraft:tuff":7,"minecraft:stripped_spruce_wood":2,"byg:orchard_sapling":52,"minecraft:lapis_lazuli":161,"minecraft:dirt":139,"untamedwilds:food_turtle_raw":4,"minecraft:leather_boots":1,"minecraft:chipped_anvil":1,"minecraft:bone":220,"minecraft:bow":22,"minecraft:wheat_seeds":4,"minecraft:raw_gold":317,"minecraft:mossy_stone_bricks":14,"minecraft:oak_planks":232,"minecraft:music_disc_13":1,"minecraft:jungle_planks":4,"minecraft:sand":55,"sophisticatedbackpacks:iron_backpack":1,"minecraft:mossy_cobblestone":7,"minecraft:bundle":2,"tombstone:familiar_stone":2,"minecraft:diamond":31,"minecraft:granite":7,"minecraft:bread":2,"minecraft:golden_apple":1,"minecraft:emerald":27,"minecraft:chainmail_helmet":4,"minecraft:oak_sapling":6,"minecraft:netherrack":105,"minecraft:diamond_pickaxe":1,"minecraft:cocoa_beans":6,"minecraft:charcoal":8,"minecraft:crafting_table":14,"byg:soapstone":98,"minecraft:chicken":1,"minecraft:clay_ball":4,"minecraft:leather_leggings":2,"minecraft:redstone_lamp":1,"minecraft:gold_block":4,"minecraft:diamond_horse_armor":1,"minecraft:shield":1,"minecraft:red_bed":10,"minecraft:cracked_stone_bricks":54,"minecraft:cartography_table":2,"minecraft:detector_rail":2,"minecraft:beef":45,"minecraft:oak_boat":1,"minecraft:spruce_slab":1,"minecraft:light_gray_wool":1,"minecraft:minecart":1,"minecraft:chest":2,"minecraft:spruce_trapdoor":5,"minecraft:raw_copper_block":8,"minecraft:egg":5,"minecraft:raw_iron":322,"minecraft:raw_gold_block":51,"minecraft:note_block":8,"minecraft:carrot":2,"minecraft:redstone":382,"byg:brimstone":819,"minecraft:stone_pressure_plate":3,"minecraft:arrow":165,"minecraft:nether_bricks":40,"byg:blue_netherrack":88,"minecraft:saddle":1,"tombstone:essence_of_undeath":1,"minecraft:mutton":49,"minecraft:white_wool":24,"minecraft:rail":4,"minecraft:bone_block":52,"minecraft:leather":73,"minecraft:music_disc_stal":1,"minecraft:oak_log":379,"minecraft:chainmail_chestplate":4,"minecraft:yellow_bed":1,"minecraft:gunpowder":7,"minecraft:cobblestone_stairs":8,"minecraft:red_carpet":4,"sophisticatedbackpacks:upgrade_base":1,"minecraft:apple":141,"minecraft:stone_bricks":87,"untamedwilds:material_fat":24,"minecraft:rabbit_hide":1,"minecraft:iron_ingot":5,"tombstone:bag_of_seeds":2,"minecraft:iron_sword":1,"minecraft:music_disc_chirp":1,"minecraft:book":33,"minecraft:oak_slab":3,"minecraft:smooth_basalt":1,"minecraft:emerald_block":4,"minecraft:pumpkin":3,"minecraft:red_wool":16,"minecraft:quartz":30,"minecraft:raw_iron_block":34,"minecraft:dripstone_block":5,"minecraft:gravel":4,"minecraft:crying_obsidian":3,"minecraft:spruce_door":1,"minecraft:spider_eye":2,"minecraft:leather_helmet":2,"minecraft:chainmail_leggings":3,"minecraft:iron_helmet":1,"minecraft:gray_wool":4,"tombstone:magic_scroll":2,"minecraft:black_wool":35,"minecraft:coal":414},"minecraft:mined":{"minecraft:spruce_planks":2,"minecraft:stone_pressure_plate":3,"minecraft:cobblestone_stairs":9,"minecraft:red_nether_bricks":2,"minecraft:obsidian":30,"minecraft:spruce_trapdoor":5,"minecraft:granite":9,"minecraft:budding_amethyst":1,"minecraft:grass_block":101,"minecraft:jungle_log":6,"minecraft:soul_soil":2,"minecraft:coal_block":35,"minecraft:spawner":18,"minecraft:magma_block":3,"minecraft:raw_iron_block":34,"minecraft:mossy_cobblestone_stairs":2,"minecraft:iron_ore":103,"minecraft:cobbled_deepslate":10,"minecraft:fire":4,"minecraft:pumpkin":3,"minecraft:black_carpet":4,"minecraft:deepslate_lapis_ore":3,"byg:boric_fire":2,"minecraft:enchanting_table":1,"minecraft:water_cauldron":1,"minecraft:oak_stairs":97,"minecraft:iron_bars":63,"minecraft:spruce_slab":1,"minecraft:deepslate_redstone_ore":80,"minecraft:quartz_block":6,"minecraft:red_bed":9,"minecraft:note_block":8,"minecraft:torch":59,"byg:brimstone":1106,"untamedwilds:flora_common_reed":1,"minecraft:calcite":1,"minecraft:melon":13,"minecraft:chest":2,"minecraft:nether_quartz_ore":26,"minecraft:cobblestone":108,"minecraft:oak_planks":147,"minecraft:iron_door":2,"minecraft:wall_torch":32,"minecraft:amethyst_block":4,"minecraft:deepslate_copper_ore":71,"byg:soapstone":91,"byg:brimstone_nether_quartz_ore":2,"byg:orchard_leaves":66,"minecraft:lapis_block":13,"minecraft:birch_log":20,"minecraft:jukebox":5,"minecraft:black_bed":14,"minecraft:stone_brick_stairs":24,"minecraft:grass":20,"minecraft:oak_log":428,"minecraft:sand":55,"minecraft:dirt":51,"minecraft:smooth_basalt":1,"minecraft:raw_copper_block":8,"byg:flowering_orchard_leaves":12,"minecraft:netherrack":116,"minecraft:oak_leaves":3,"minecraft:deepslate":259,"minecraft:emerald_block":3,"minecraft:redstone_lamp":1,"minecraft:nether_gold_ore":14,"minecraft:diamond_ore":1,"minecraft:crying_obsidian":3,"minecraft:tuff":7,"minecraft:mossy_cobblestone":7,"minecraft:deepslate_diamond_ore":7,"minecraft:glow_lichen":1,"minecraft:nether_bricks":18,"minecraft:spruce_leaves":4,"minecraft:cartography_table":1,"minecraft:redstone_ore":1,"byg:blue_netherrack":95,"minecraft:furnace":6,"minecraft:raw_gold_block":51,"minecraft:andesite":8,"minecraft:gold_block":4,"minecraft:mossy_stone_brick_stairs":2,"minecraft:bookshelf":17,"minecraft:deepslate_iron_ore":209,"byg:anthracite_ore":6,"minecraft:vine":2,"untamedwilds:flora_cycad":2,"minecraft:stone":389,"minecraft:bone_block":56,"minecraft:oak_slab":3,"minecraft:redstone_block":15,"minecraft:red_wool":14,"minecraft:snow_block":6,"minecraft:crafting_table":13,"minecraft:emerald_ore":29,"minecraft:campfire":2,"minecraft:tall_grass":3,"minecraft:copper_ore":14,"minecraft:deepslate_coal_ore":191,"minecraft:deepslate_gold_ore":214,"minecraft:lapis_ore":22,"minecraft:diorite":31,"minecraft:spruce_stairs":4,"minecraft:stripped_spruce_wood":2,"minecraft:yellow_bed":1,"minecraft:black_wool":32,"minecraft:coal_ore":185,"minecraft:cocoa":2,"minecraft:gravel":3,"byg:ripe_orchard_leaves":9,"minecraft:dripstone_block":5,"byg:brimstone_nether_gold_ore":1,"minecraft:cobweb":67,"minecraft:cracked_stone_bricks":53,"minecraft:stone_bricks":87,"minecraft:chipped_anvil":1,"minecraft:mossy_stone_bricks":16,"minecraft:gold_ore":103,"minecraft:fern":2},"minecraft:dropped":{"minecraft:iron_sword":1,"minecraft:oak_log":14,"minecraft:crafting_table":1,"minecraft:flint":2,"minecraft:gold_nugget":2,"minecraft:sand":55,"minecraft:white_wool":1,"minecraft:bone":40,"minecraft:chainmail_chestplate":1,"minecraft:rabbit_hide":1,"minecraft:gunpowder":4,"minecraft:charcoal":8,"minecraft:chest":1,"minecraft:cartography_table":1,"minecraft:iron_ingot":44,"minecraft:wheat_seeds":1,"byg:pine_sapling":2,"minecraft:torch":31,"minecraft:melon_slice":1,"minecraft:pumpkin":3,"minecraft:redstone":6,"minecraft:oak_sign":1,"minecraft:diamond_pickaxe":1,"minecraft:oak_sapling":3,"minecraft:bow":2},"minecraft:custom":{"minecraft:interact_with_crafting_table":117,"minecraft:open_barrel":34,"goblintraders:trade_with_goblin":129,"minecraft:leave_game":18,"minecraft:time_since_death":98507,"minecraft:sprint_one_cm":1262721,"minecraft:damage_blocked_by_shield":4848,"minecraft:drop":29,"minecraft:play_noteblock":14,"minecraft:talked_to_villager":6,"minecraft:play_time":727571,"minecraft:deaths":3,"minecraft:jump":4659,"minecraft:walk_on_water_one_cm":63004,"minecraft:enchant_item":5,"minecraft:interact_with_furnace":178,"minecraft:play_record":4,"minecraft:interact_with_cartography_table":3,"minecraft:interact_with_loom":5,"minecraft:sleep_in_bed":16,"minecraft:damage_dealt":41301,"minecraft:crouch_one_cm":505,"tombstone:undead_killed":216,"minecraft:interact_with_smoker":1,"minecraft:horse_one_cm":2957248,"minecraft:interact_with_anvil":10,"minecraft:mob_kills":337,"minecraft:damage_dealt_resisted":392,"minecraft:climb_one_cm":6844,"minecraft:walk_one_cm":2296677,"minecraft:damage_dealt_absorbed":80,"minecraft:sneak_time":518,"minecraft:walk_under_water_one_cm":44347,"minecraft:boat_one_cm":152605,"minecraft:interact_with_lectern":3,"minecraft:total_world_time":727571,"minecraft:tune_noteblock":4,"minecraft:time_since_rest":98544,"minecraft:damage_taken":8677,"minecraft:swim_one_cm":4774,"minecraft:fly_one_cm":184763,"minecraft:open_chest":288,"minecraft:fall_one_cm":61710},"minecraft:broken":{"minecraft:golden_helmet":1,"minecraft:iron_sword":1,"minecraft:leather_helmet":1,"minecraft:stone_sword":1,"minecraft:shield":1,"minecraft:iron_axe":4,"minecraft:iron_pickaxe":2,"minecraft:golden_pickaxe":1},"minecraft:used":{"minecraft:music_disc_far":1,"minecraft:iron_shovel":153,"minecraft:oak_sign":1,"minecraft:chest":2,"minecraft:shield":87,"minecraft:iron_sword":493,"minecraft:rotten_flesh":135,"minecraft:mutton":22,"minecraft:cocoa_beans":6,"minecraft:nether_bricks":27,"minecraft:carrot":14,"minecraft:music_disc_13":1,"minecraft:lava_bucket":77,"minecraft:music_disc_chirp":1,"minecraft:stone_brick_stairs":1,"minecraft:stone_bricks":78,"minecraft:music_disc_stal":1,"minecraft:redstone_lamp":1,"minecraft:bow":288,"minecraft:furnace":15,"untamedwilds:material_fat":3,"minecraft:potato":87,"minecraft:mossy_stone_bricks":7,"minecraft:diorite":13,"minecraft:oak_planks":150,"untamedwilds:food_turtle_raw":4,"minecraft:wooden_pickaxe":6,"minecraft:diamond_axe":132,"minecraft:golden_apple":3,"minecraft:black_bed":23,"minecraft:string":1,"minecraft:melon_slice":69,"minecraft:bread":4,"minecraft:gravel":2,"minecraft:birch_log":3,"minecraft:oak_boat":2,"minecraft:golden_pickaxe":32,"minecraft:cobweb":48,"minecraft:oak_fence":3,"minecraft:iron_bars":1,"minecraft:stone_sword":55,"minecraft:cooked_chicken":9,"minecraft:netherrack":23,"minecraft:torch":516,"minecraft:dirt":104,"minecraft:anvil":1,"minecraft:granite":2,"minecraft:wooden_axe":44,"minecraft:chipped_anvil":1,"minecraft:iron_axe":903,"byg:blue_netherrack":39,"minecraft:beef":12,"tombstone:gift":7,"minecraft:stone_pressure_plate":1,"minecraft:cooked_beef":23,"minecraft:cobbled_deepslate":50,"minecraft:cooked_mutton":1,"minecraft:water_bucket":11,"minecraft:amethyst_block":2,"byg:brimstone":29,"minecraft:cracked_stone_bricks":10,"minecraft:mossy_cobblestone":1,"minecraft:crafting_table":19,"minecraft:red_bed":14,"minecraft:cod":1,"minecraft:oak_log":9,"minecraft:diamond_pickaxe":2942,"minecraft:apple":9,"minecraft:chicken":1,"minecraft:iron_pickaxe":1219,"byg:soapstone":30,"minecraft:cobblestone":312,"minecraft:porkchop":3,"minecraft:bucket":90},"minecraft:killed_by":{"minecraft:zombie":1,"minecraft:skeleton":2},"minecraft:killed":{"minecraft:cave_spider":3,"minecraft:zombified_piglin":3,"minecraft:spider":17,"minecraft:skeleton":113,"minecraft:chicken":2,"minecraft:pig":3,"minecraft:zombie_villager":1,"minecraft:creeper":2,"minecraft:sheep":39,"untamedwilds:tortoise":3,"minecraft:goat":2,"minecraft:zombie":55,"minecraft:stray":44,"untamedwilds:bison":16,"untamedwilds:snake":4,"minecraft:cow":10,"minecraft:horse":2,"untamedwilds:catfish":1,"minecraft:bat":3}},"DataVersion":2975}