{"stats":{"minecraft:used":{"minecraft:stone_sword":58,"minecraft:shield":11,"minecraft:iron_sword":116,"minecraft:cooked_salmon":5,"minecraft:torch":126,"minecraft:dirt":11,"minecraft:tuff":8,"minecraft:furnace":4,"minecraft:cooked_beef":7,"minecraft:cobbled_deepslate":11,"minecraft:cooked_mutton":6,"minecraft:mossy_stone_bricks":1,"minecraft:water_bucket":18,"minecraft:stone_pickaxe":52,"minecraft:oak_planks":5,"minecraft:wooden_pickaxe":36,"minecraft:cracked_stone_bricks":1,"minecraft:crafting_table":8,"minecraft:white_bed":3,"waystones:waystone":1,"minecraft:apple":1,"minecraft:cyan_bed":1,"minecraft:bread":4,"minecraft:iron_pickaxe":497,"minecraft:spruce_sapling":2,"byg:soapstone":6,"minecraft:stone_axe":47,"minecraft:cobblestone":143,"minecraft:cooked_porkchop":6,"minecraft:bucket":19,"minecraft:andesite":4},"minecraft:mined":{"minecraft:tuff":8,"minecraft:white_bed":2,"minecraft:mossy_cobblestone":1,"minecraft:deepslate_diamond_ore":1,"minecraft:glow_lichen":1,"minecraft:granite":10,"minecraft:grass_block":3,"minecraft:spruce_leaves":1,"minecraft:hay_block":1,"minecraft:furnace":3,"minecraft:iron_ore":5,"minecraft:andesite":20,"minecraft:mossy_stone_brick_stairs":1,"minecraft:pointed_dripstone":2,"minecraft:deepslate_iron_ore":37,"minecraft:iron_bars":2,"minecraft:stone":200,"minecraft:crafting_table":6,"minecraft:torch":34,"minecraft:emerald_ore":78,"minecraft:copper_ore":11,"minecraft:cobblestone":4,"minecraft:cyan_bed":2,"minecraft:oak_planks":2,"minecraft:diorite":10,"minecraft:wall_torch":11,"minecraft:spruce_stairs":2,"byg:soapstone":16,"minecraft:lapis_block":1,"minecraft:spruce_log":5,"minecraft:birch_leaves":1,"minecraft:grass":1,"minecraft:oak_log":34,"minecraft:coal_ore":60,"minecraft:dripstone_block":1,"minecraft:dirt":9,"minecraft:cracked_stone_bricks":2,"minecraft:stone_bricks":1,"minecraft:mossy_stone_bricks":2,"minecraft:gold_ore":7,"minecraft:emerald_block":10,"minecraft:deepslate":54},"minecraft:crafted":{"minecraft:oak_planks":72,"minecraft:furnace":2,"minecraft:bookshelf":13,"minecraft:cooked_mutton":2,"minecraft:iron_boots":1,"minecraft:stone_pickaxe":1,"minecraft:cooked_beef":3,"minecraft:emerald":90,"minecraft:cooked_porkchop":12,"minecraft:crafting_table":3,"minecraft:spruce_planks":20,"minecraft:wooden_pickaxe":1,"minecraft:iron_helmet":1,"minecraft:iron_sword":1,"minecraft:copper_ingot":52,"minecraft:bucket":1,"minecraft:stone_axe":1,"minecraft:enchanted_book":1,"minecraft:iron_chestplate":1,"minecraft:charcoal":6,"minecraft:shield":1,"minecraft:stick":24,"minecraft:iron_ingot":60,"minecraft:iron_pickaxe":2,"minecraft:stone_sword":1,"minecraft:iron_leggings":1,"minecraft:gold_ingot":9,"minecraft:white_bed":1,"minecraft:torch":76},"minecraft:broken":{"minecraft:iron_pickaxe":1},"minecraft:killed":{"minecraft:spider":8,"minecraft:skeleton":3,"minecraft:pig":12,"minecraft:sheep":5,"minecraft:zombie":17,"minecraft:cow":8},"minecraft:killed_by":{"minecraft:zombie":1},"minecraft:custom":{"minecraft:mob_kills":56,"minecraft:interact_with_crafting_table":15,"minecraft:open_barrel":6,"goblintraders:trade_with_goblin":59,"minecraft:leave_game":8,"minecraft:time_since_death":6666,"minecraft:climb_one_cm":1304,"minecraft:sprint_one_cm":385406,"minecraft:walk_one_cm":404903,"minecraft:damage_blocked_by_shield":575,"minecraft:drop":3,"minecraft:damage_dealt_absorbed":120,"minecraft:talked_to_villager":16,"minecraft:play_time":155517,"minecraft:deaths":2,"minecraft:sneak_time":83,"minecraft:walk_under_water_one_cm":30598,"minecraft:jump":2424,"minecraft:walk_on_water_one_cm":33650,"minecraft:total_world_time":155517,"minecraft:interact_with_furnace":36,"minecraft:traded_with_villager":14,"minecraft:sleep_in_bed":4,"minecraft:time_since_rest":6700,"minecraft:waystone_activated":2,"minecraft:damage_taken":2310,"minecraft:damage_dealt":7999,"minecraft:swim_one_cm":12887,"minecraft:fly_one_cm":345212,"minecraft:open_chest":27,"tombstone:undead_killed":20,"minecraft:fall_one_cm":55403},"minecraft:picked_up":{"minecraft:crafting_table":6,"byg:soapstone":6,"minecraft:lapis_block":1,"minecraft:string":1,"minecraft:raw_copper":29,"minecraft:cracked_stone_bricks":1,"minecraft:cobbled_deepslate":49,"minecraft:beef":15,"minecraft:furnace":3,"minecraft:raw_iron":42,"minecraft:stick":16,"minecraft:torch":50,"minecraft:spruce_stairs":2,"minecraft:porkchop":29,"minecraft:pointed_dripstone":6,"tombstone:grave_dust":3,"minecraft:diorite":8,"minecraft:stone_sword":1,"minecraft:arrow":5,"minecraft:rotten_flesh":9,"minecraft:hay_block":1,"minecraft:mutton":8,"minecraft:snowball":2,"minecraft:white_wool":5,"minecraft:cobblestone":167,"minecraft:andesite":8,"minecraft:leather":9,"minecraft:tuff":8,"minecraft:oak_log":34,"byg:white_anemone":1,"minecraft:dirt":12,"minecraft:cooked_mutton":4,"minecraft:bone":1,"minecraft:apple":1,"minecraft:stone_bricks":1,"minecraft:wheat_seeds":1,"minecraft:raw_gold":7,"minecraft:mossy_stone_bricks":2,"minecraft:oak_planks":2,"minecraft:emerald_block":10,"minecraft:cooked_porkchop":2,"minecraft:dripstone_block":10,"minecraft:spruce_sapling":2,"sophisticatedbackpacks:iron_backpack":1,"minecraft:white_bed":2,"minecraft:spruce_log":5,"minecraft:cyan_bed":2,"tombstone:familiar_stone":1,"minecraft:diamond":1,"waystones:waystone":2,"minecraft:granite":3,"minecraft:emerald":78,"minecraft:oak_sapling":8,"minecraft:coal":123},"minecraft:dropped":{"minecraft:spruce_stairs":1,"minecraft:stone_sword":1,"minecraft:stone_bricks":1}},"DataVersion":2975}