{"stats":{"minecraft:killed_by":{"minecraft:zombie":1},"minecraft:killed":{"minecraft:cave_spider":2,"minecraft:spider":20,"minecraft:skeleton":57,"minecraft:chicken":1,"minecraft:silverfish":24,"minecraft:magma_cube":9,"minecraft:piglin":1,"minecraft:pig":10,"minecraft:salmon":13,"minecraft:creeper":2,"minecraft:sheep":16,"minecraft:pillager":7,"minecraft:zombie":35,"minecraft:stray":12,"untamedwilds:snake":4,"minecraft:cow":2,"minecraft:blaze":6,"minecraft:bat":2,"minecraft:wither_skeleton":6},"minecraft:broken":{"minecraft:diamond_pickaxe":1,"minecraft:wooden_axe":1,"minecraft:iron_pickaxe":1},"minecraft:custom":{"minecraft:interact_with_crafting_table":54,"minecraft:open_barrel":6,"goblintraders:trade_with_goblin":62,"minecraft:leave_game":19,"minecraft:time_since_death":183395,"minecraft:damage_resisted":6,"minecraft:sprint_one_cm":1125468,"minecraft:damage_blocked_by_shield":1275,"minecraft:drop":54,"minecraft:play_noteblock":1,"minecraft:talked_to_villager":2,"minecraft:play_time":543571,"minecraft:deaths":5,"minecraft:jump":5086,"minecraft:walk_on_water_one_cm":31756,"minecraft:enchant_item":10,"minecraft:interact_with_furnace":69,"minecraft:play_record":1,"minecraft:interact_with_cartography_table":1,"minecraft:sleep_in_bed":3,"minecraft:damage_dealt":34131,"minecraft:crouch_one_cm":1345,"tombstone:undead_killed":110,"minecraft:interact_with_smithing_table":1,"minecraft:mob_kills":232,"minecraft:interact_with_anvil":9,"minecraft:climb_one_cm":8930,"minecraft:walk_one_cm":1664344,"minecraft:sneak_time":2022,"minecraft:walk_under_water_one_cm":35640,"minecraft:boat_one_cm":241235,"minecraft:interact_with_lectern":1,"minecraft:total_world_time":543571,"tombstone:raider_killed":7,"minecraft:tune_noteblock":1,"minecraft:time_since_rest":158290,"minecraft:damage_taken":5670,"minecraft:damage_absorbed":237,"minecraft:swim_one_cm":69409,"minecraft:fly_one_cm":656057,"minecraft:open_chest":133,"minecraft:fall_one_cm":61444},"minecraft:crafted":{"minecraft:oak_planks":16,"minecraft:bookshelf":8,"minecraft:cooked_mutton":15,"minecraft:diamond_helmet":1,"minecraft:diamond_leggings":1,"byg:palm_boat":1,"minecraft:emerald":2,"minecraft:diamond_axe":1,"enchantinginfuser:enchanting_infuser":1,"minecraft:cooked_porkchop":28,"minecraft:crafting_table":5,"minecraft:wooden_pickaxe":2,"minecraft:birch_planks":80,"byg:palm_planks":16,"minecraft:charcoal":1,"minecraft:diamond_pickaxe":3,"minecraft:shield":1,"minecraft:stick":88,"minecraft:iron_ingot":105,"minecraft:iron_pickaxe":2,"minecraft:iron_block":6,"minecraft:gold_ingot":90,"minecraft:wooden_sword":1,"minecraft:furnace":2,"minecraft:flint_and_steel":2,"minecraft:stone_pickaxe":1,"minecraft:diamond_boots":1,"minecraft:cooked_beef":2,"minecraft:diamond_sword":1,"minecraft:iron_sword":1,"minecraft:cooked_salmon":9,"minecraft:bucket":3,"minecraft:white_wool":4,"minecraft:wooden_axe":1,"minecraft:anvil":2,"minecraft:white_bed":2,"minecraft:torch":216,"minecraft:diamond_chestplate":1},"minecraft:picked_up":{"minecraft:anvil":1,"minecraft:oak_stairs":13,"minecraft:potion":1,"minecraft:nether_brick":4,"minecraft:amethyst_block":5,"minecraft:string":25,"minecraft:raw_copper":36,"minecraft:soul_soil":3,"minecraft:gold_nugget":65,"minecraft:cobbled_deepslate":205,"minecraft:calcite":2,"minecraft:iron_boots":1,"minecraft:furnace":12,"minecraft:golden_helmet":1,"minecraft:tipped_arrow":1,"minecraft:stick":44,"untamedwilds:flora_common_reed":1,"minecraft:torch":336,"byg:anthracite":16,"minecraft:porkchop":30,"tombstone:grave_dust":8,"minecraft:diorite":1,"minecraft:quartz_block":2,"minecraft:rotten_flesh":22,"minecraft:obsidian":54,"minecraft:iron_bars":17,"minecraft:snowball":24,"minecraft:cobblestone":231,"minecraft:birch_log":20,"minecraft:enchanting_table":2,"minecraft:magma_block":8,"minecraft:magma_cream":6,"minecraft:andesite":18,"minecraft:brown_wool":1,"minecraft:black_bed":9,"minecraft:golden_leggings":1,"minecraft:flint":2,"minecraft:tuff":15,"minecraft:wither_skeleton_skull":1,"minecraft:lantern":1,"minecraft:lapis_lazuli":101,"minecraft:dirt":47,"byg:blue_sand":65,"minecraft:leather_boots":1,"minecraft:bone":85,"minecraft:bow":1,"minecraft:wheat_seeds":3,"minecraft:raw_gold":70,"minecraft:mossy_stone_bricks":16,"minecraft:oak_planks":61,"minecraft:music_disc_13":1,"minecraft:diamond_block":24,"minecraft:mossy_cobblestone":6,"byg:pink_anemone":1,"minecraft:diamond":165,"enchantinginfuser:enchanting_infuser":4,"minecraft:granite":76,"minecraft:bone_meal":1,"byg:palm_boat":1,"minecraft:emerald":98,"minecraft:netherrack":245,"byg:soapstone":20,"minecraft:crafting_table":14,"minecraft:red_bed":5,"minecraft:blackstone":37,"minecraft:cracked_stone_bricks":13,"minecraft:beef":2,"minecraft:oak_boat":1,"minecraft:lectern":1,"minecraft:birch_sapling":2,"minecraft:raw_iron":114,"minecraft:raw_gold_block":6,"minecraft:fire_charge":2,"minecraft:redstone":4,"byg:brimstone":880,"minecraft:arrow":25,"byg:blue_netherrack":294,"sophisticatedbackpacks:copper_backpack":1,"byg:palm_log":4,"minecraft:mutton":20,"minecraft:white_wool":13,"minecraft:rail":2,"minecraft:salmon":10,"minecraft:leather":5,"minecraft:oak_log":12,"minecraft:chainmail_chestplate":1,"byg:white_anemone":1,"minecraft:gunpowder":5,"tombstone:gift":2,"minecraft:cooked_mutton":3,"minecraft:stone_bricks":19,"minecraft:music_disc_far":1,"minecraft:iron_ingot":44,"tombstone:bag_of_seeds":2,"minecraft:glass_bottle":1,"minecraft:soul_sand":41,"minecraft:book":12,"minecraft:emerald_block":17,"minecraft:red_wool":1,"minecraft:quartz":12,"minecraft:raw_iron_block":16,"minecraft:gravel":53,"minecraft:amethyst_shard":12,"minecraft:white_bed":1,"minecraft:crying_obsidian":6,"minecraft:spider_eye":2,"minecraft:gray_wool":2,"minecraft:mossy_cobblestone_stairs":2,"minecraft:coal":238,"minecraft:sunflower":3},"minecraft:used":{"minecraft:shield":30,"minecraft:iron_sword":77,"minecraft:rotten_flesh":6,"minecraft:tuff":1,"minecraft:music_disc_13":1,"minecraft:snowball":24,"byg:palm_boat":2,"minecraft:obsidian":43,"minecraft:lava_bucket":28,"minecraft:birch_sapling":2,"minecraft:quartz_block":1,"minecraft:stone_bricks":14,"minecraft:furnace":13,"minecraft:diorite":1,"minecraft:stone_pickaxe":67,"minecraft:oak_planks":2,"minecraft:ender_pearl":2,"minecraft:wooden_pickaxe":37,"minecraft:diamond_axe":83,"minecraft:golden_apple":11,"minecraft:black_bed":3,"minecraft:gravel":16,"minecraft:diamond_sword":468,"minecraft:andesite":8,"minecraft:iron_bars":3,"minecraft:flint_and_steel":48,"minecraft:redstone":2,"minecraft:cooked_salmon":9,"minecraft:netherrack":47,"minecraft:torch":476,"minecraft:dirt":29,"minecraft:anvil":3,"minecraft:granite":2,"minecraft:wooden_axe":62,"minecraft:bookshelf":8,"byg:blue_netherrack":228,"byg:blue_sand":1,"tombstone:gift":2,"minecraft:cooked_beef":2,"minecraft:cobbled_deepslate":194,"minecraft:enchanted_golden_apple":1,"minecraft:cooked_mutton":18,"minecraft:water_bucket":17,"byg:brimstone":189,"minecraft:salmon":1,"minecraft:mossy_cobblestone":1,"minecraft:tnt":1,"minecraft:crafting_table":18,"minecraft:red_bed":2,"minecraft:white_bed":3,"minecraft:diamond_pickaxe":6964,"minecraft:diamond_shovel":1,"minecraft:iron_pickaxe":456,"byg:soapstone":19,"enchantinginfuser:enchanting_infuser":4,"minecraft:cobblestone":159,"minecraft:potion":6,"minecraft:porkchop":2,"minecraft:cooked_porkchop":28,"minecraft:bucket":47,"minecraft:gray_wool":2},"minecraft:dropped":{"minecraft:glass_bottle":6,"minecraft:diamond":22,"minecraft:black_bed":1,"minecraft:white_wool":2,"tombstone:gift":1,"minecraft:rotten_flesh":2,"minecraft:oak_planks":6,"minecraft:chainmail_chestplate":1,"minecraft:mossy_cobblestone":3,"byg:brimstone":7,"minecraft:torch":193,"byg:anthracite":9,"tombstone:grave_dust":2,"minecraft:redstone":2,"byg:blue_netherrack":5,"minecraft:golden_leggings":1,"minecraft:stone_bricks":1},"minecraft:mined":{"minecraft:large_amethyst_bud":4,"minecraft:white_bed":1,"minecraft:obsidian":53,"minecraft:spruce_trapdoor":1,"minecraft:granite":76,"minecraft:grass_block":3,"minecraft:soul_soil":24,"minecraft:spawner":29,"minecraft:tall_seagrass":1,"minecraft:magma_block":28,"minecraft:raw_iron_block":16,"minecraft:mossy_cobblestone_stairs":6,"minecraft:cobbled_deepslate":2,"minecraft:iron_ore":28,"minecraft:black_carpet":1,"minecraft:deepslate_lapis_ore":14,"minecraft:anvil":1,"byg:boric_fire":19,"minecraft:enchanting_table":2,"minecraft:oak_stairs":10,"minecraft:small_amethyst_bud":2,"minecraft:iron_bars":23,"byg:blue_nether_gold_ore":2,"minecraft:quartz_block":4,"minecraft:red_bed":5,"minecraft:blackstone":1,"minecraft:medium_amethyst_bud":2,"minecraft:soul_fire":2,"minecraft:amethyst_cluster":3,"minecraft:torch":51,"byg:brimstone":3256,"untamedwilds:flora_common_reed":2,"minecraft:calcite":2,"minecraft:nether_quartz_ore":12,"minecraft:cobblestone":15,"minecraft:oak_planks":66,"minecraft:wall_torch":48,"minecraft:amethyst_block":5,"byg:embur_nylium":17,"byg:soapstone":46,"byg:brimstone_nether_quartz_ore":1,"byg:palm_log":12,"minecraft:birch_log":20,"minecraft:black_bed":10,"minecraft:stone_brick_stairs":3,"minecraft:grass":2,"minecraft:infested_mossy_stone_bricks":1,"minecraft:oak_log":14,"minecraft:dirt":16,"minecraft:netherrack":1278,"minecraft:oak_leaves":10,"minecraft:deepslate":209,"minecraft:emerald_block":17,"minecraft:nether_gold_ore":3,"minecraft:diamond_ore":63,"minecraft:red_carpet":1,"minecraft:tuff":20,"minecraft:mossy_cobblestone":16,"minecraft:deepslate_diamond_ore":103,"enchantinginfuser:enchanting_infuser":4,"minecraft:nether_bricks":49,"minecraft:dark_oak_fence":1,"minecraft:redstone_wire":1,"minecraft:spruce_leaves":1,"minecraft:redstone_ore":2,"byg:blue_netherrack":961,"minecraft:furnace":12,"minecraft:raw_gold_block":6,"minecraft:andesite":21,"minecraft:diamond_block":24,"byg:blue_sand":66,"minecraft:mossy_stone_brick_stairs":2,"minecraft:bookshelf":4,"byg:anthracite_ore":33,"minecraft:deepslate_iron_ore":86,"minecraft:vine":10,"minecraft:lantern":1,"minecraft:stone":270,"minecraft:red_wool":1,"minecraft:soul_sand":49,"minecraft:oak_fence":1,"minecraft:crafting_table":16,"minecraft:emerald_ore":11,"minecraft:lectern":1,"minecraft:tall_grass":1,"minecraft:copper_ore":10,"minecraft:deepslate_coal_ore":23,"minecraft:deepslate_gold_ore":25,"minecraft:lapis_ore":3,"byg:pendorite_ore":1,"minecraft:diorite":33,"minecraft:spruce_stairs":2,"minecraft:black_stained_glass":1,"untamedwilds:block_burrow":1,"minecraft:coal_ore":44,"byg:embur_gel_block":1,"minecraft:gravel":37,"byg:brimstone_nether_gold_ore":8,"minecraft:cobweb":1,"minecraft:cracked_stone_bricks":39,"minecraft:stone_bricks":30,"minecraft:mossy_stone_bricks":32,"minecraft:gold_ore":45,"minecraft:deepslate_emerald_ore":87}},"DataVersion":2975}