{"stats":{"minecraft:mined":{"minecraft:tuff":8,"minecraft:white_bed":2,"minecraft:mossy_cobblestone":1,"minecraft:glow_lichen":1,"minecraft:crafting_table":6,"minecraft:torch":29,"minecraft:granite":10,"minecraft:emerald_ore":78,"minecraft:grass_block":3,"minecraft:copper_ore":11,"minecraft:cobblestone":4,"minecraft:spruce_leaves":1,"minecraft:cyan_bed":2,"minecraft:oak_planks":2,"minecraft:diorite":10,"minecraft:wall_torch":8,"minecraft:hay_block":1,"minecraft:spruce_stairs":2,"byg:soapstone":16,"minecraft:furnace":3,"minecraft:lapis_block":1,"minecraft:iron_ore":5,"minecraft:spruce_log":5,"minecraft:birch_leaves":1,"minecraft:andesite":19,"minecraft:grass":1,"minecraft:mossy_stone_brick_stairs":1,"minecraft:coal_ore":60,"minecraft:oak_log":34,"minecraft:deepslate_iron_ore":37,"minecraft:iron_bars":2,"minecraft:dirt":8,"minecraft:cracked_stone_bricks":2,"minecraft:stone":171,"minecraft:stone_bricks":1,"minecraft:gold_ore":7,"minecraft:mossy_stone_bricks":2,"minecraft:deepslate":19,"minecraft:emerald_block":10},"minecraft:used":{"minecraft:cooked_mutton":6,"minecraft:water_bucket":12,"minecraft:mossy_stone_bricks":1,"minecraft:stone_sword":58,"minecraft:stone_pickaxe":52,"minecraft:oak_planks":5,"minecraft:wooden_pickaxe":36,"minecraft:shield":9,"minecraft:iron_sword":101,"minecraft:cooked_salmon":5,"minecraft:cracked_stone_bricks":1,"minecraft:torch":83,"minecraft:dirt":11,"minecraft:crafting_table":8,"minecraft:white_bed":3,"minecraft:tuff":8,"waystones:waystone":1,"minecraft:apple":1,"minecraft:cyan_bed":1,"minecraft:bread":4,"minecraft:iron_pickaxe":427,"minecraft:spruce_sapling":2,"byg:soapstone":6,"minecraft:stone_axe":47,"minecraft:cobblestone":105,"minecraft:furnace":4,"minecraft:cooked_porkchop":2,"minecraft:andesite":4,"minecraft:bucket":13,"minecraft:cooked_beef":7,"minecraft:cobbled_deepslate":11},"minecraft:crafted":{"minecraft:cooked_beef":3,"minecraft:oak_planks":72,"minecraft:emerald":90,"minecraft:cooked_porkchop":12,"minecraft:crafting_table":3,"minecraft:spruce_planks":20,"minecraft:wooden_pickaxe":1,"minecraft:iron_helmet":1,"minecraft:iron_sword":1,"minecraft:furnace":2,"minecraft:copper_ingot":52,"minecraft:bucket":1,"minecraft:stone_axe":1,"minecraft:bookshelf":13,"minecraft:enchanted_book":1,"minecraft:cooked_mutton":2,"minecraft:iron_boots":1,"minecraft:iron_chestplate":1,"minecraft:charcoal":6,"minecraft:shield":1,"minecraft:stick":24,"minecraft:iron_ingot":60,"minecraft:iron_pickaxe":2,"minecraft:stone_pickaxe":1,"minecraft:stone_sword":1,"minecraft:gold_ingot":9,"minecraft:iron_leggings":1,"minecraft:white_bed":1,"minecraft:torch":76},"minecraft:broken":{"minecraft:iron_pickaxe":1},"minecraft:killed":{"minecraft:pig":12,"minecraft:spider":7,"minecraft:skeleton":2,"minecraft:sheep":5,"minecraft:zombie":15,"minecraft:cow":8},"minecraft:killed_by":{"minecraft:zombie":1},"minecraft:custom":{"minecraft:interact_with_furnace":35,"minecraft:mob_kills":52,"minecraft:traded_with_villager":14,"minecraft:interact_with_crafting_table":15,"minecraft:open_barrel":5,"goblintraders:trade_with_goblin":59,"minecraft:leave_game":6,"minecraft:time_since_death":61583,"minecraft:sleep_in_bed":4,"minecraft:climb_one_cm":876,"minecraft:waystone_activated":2,"minecraft:time_since_rest":3500,"minecraft:damage_taken":1645,"minecraft:sprint_one_cm":294701,"minecraft:walk_one_cm":330576,"minecraft:damage_blocked_by_shield":500,"minecraft:drop":3,"minecraft:damage_dealt":7139,"minecraft:damage_dealt_absorbed":120,"minecraft:swim_one_cm":11263,"minecraft:talked_to_villager":15,"minecraft:fly_one_cm":248694,"minecraft:play_time":131670,"minecraft:open_chest":13,"minecraft:sneak_time":78,"tombstone:undead_killed":17,"minecraft:deaths":1,"minecraft:walk_under_water_one_cm":26649,"minecraft:jump":1867,"minecraft:walk_on_water_one_cm":19992,"minecraft:total_world_time":131670,"minecraft:fall_one_cm":35056},"minecraft:picked_up":{"minecraft:crafting_table":6,"byg:soapstone":6,"minecraft:andesite":7,"minecraft:leather":9,"minecraft:tuff":8,"minecraft:oak_log":34,"byg:white_anemone":1,"minecraft:lapis_block":1,"minecraft:dirt":11,"minecraft:raw_copper":29,"minecraft:cooked_mutton":4,"minecraft:apple":1,"minecraft:stone_bricks":1,"minecraft:cracked_stone_bricks":1,"minecraft:wheat_seeds":1,"minecraft:cobbled_deepslate":12,"minecraft:raw_gold":7,"minecraft:beef":15,"minecraft:mossy_stone_bricks":2,"minecraft:oak_planks":2,"minecraft:furnace":3,"minecraft:stick":16,"minecraft:raw_iron":42,"minecraft:emerald_block":10,"minecraft:cooked_porkchop":2,"minecraft:torch":38,"minecraft:spruce_stairs":2,"minecraft:porkchop":29,"minecraft:spruce_sapling":2,"sophisticatedbackpacks:iron_backpack":1,"tombstone:grave_dust":3,"minecraft:diorite":8,"minecraft:white_bed":2,"minecraft:spruce_log":5,"minecraft:cyan_bed":2,"minecraft:stone_sword":1,"minecraft:arrow":4,"minecraft:rotten_flesh":7,"tombstone:familiar_stone":1,"waystones:waystone":2,"minecraft:hay_block":1,"minecraft:granite":3,"minecraft:emerald":78,"minecraft:oak_sapling":8,"minecraft:mutton":8,"minecraft:coal":123,"minecraft:snowball":2,"minecraft:white_wool":5,"minecraft:cobblestone":139},"minecraft:dropped":{"minecraft:stone_sword":1,"minecraft:spruce_stairs":1,"minecraft:stone_bricks":1}},"DataVersion":2975}